{"$schema":"http://schema.management.azure.com/schemas/2015-01-01/deploymentTemplate.json#","contentVersion":"1.0.0.0","parameters":{"workspaceName":{"type":"string","metadata":"Workspace name","defaultValue":"jdsynapse"},"LS_ADLS":{"type":"string"},"LS_AZSQL":{"type":"string"}},"variables":{"workspaceId":"[concat('Microsoft.Synapse/workspaces/', parameters('workspaceName'))]"},"resources":[{"name":"[concat(parameters('workspaceName'), '/csv to db - parent')]","type":"Microsoft.Synapse/workspaces/pipelines","apiVersion":"2019-06-01-preview","properties":{"activities":[{"name":"Get Folders","description":"this activity gets all folders which have csv files to move","type":"GetMetadata","dependsOn":[],"policy":{"timeout":"0.12:00:00","retry":0,"retryIntervalInSeconds":30,"secureOutput":false,"secureInput":false},"userProperties":[],"typeProperties":{"dataset":{"referenceName":"DS_ADLS_Binary_Folder","type":"DatasetReference","parameters":{"ContainerName":{"value":"@pipeline().parameters.sourceContainer","type":"Expression"},"FolderName":{"value":"@pipeline().parameters.sourceParentFolder","type":"Expression"}}},"fieldList":["childItems","exists","itemName","itemType"],"storeSettings":{"type":"AzureBlobFSReadSettings","enablePartitionDiscovery":false},"formatSettings":{"type":"BinaryReadSettings"}}},{"name":"Filter folders","description":"this filters the results to only include folders (just in case there are files in the parent directory)","type":"Filter","dependsOn":[{"activity":"Get Folders","dependencyConditions":["Succeeded"]}],"userProperties":[],"typeProperties":{"items":{"value":"@activity('Get Folders').output.childItems","type":"Expression"},"condition":{"value":"@equals(item().type, 'Folder')","type":"Expression"}}},{"name":"ForEachFolder","type":"ForEach","dependsOn":[{"activity":"Filter folders","dependencyConditions":["Succeeded"]}],"userProperties":[],"typeProperties":{"items":{"value":"@activity('Filter folders').output.Value","type":"Expression"},"activities":[{"name":"Run child pipeline - csv to db","description":"runs this child pipeline for each subfolder with csv files","type":"ExecutePipeline","dependsOn":[],"policy":{"secureInput":false},"userProperties":[],"typeProperties":{"pipeline":{"referenceName":"csv to db - child","type":"PipelineReference"},"waitOnCompletion":true,"parameters":{"folderName":{"value":"@item().name","type":"Expression"},"container":{"value":"@pipeline().parameters.sourceContainer","type":"Expression"}}}}]}}],"policy":{"elapsedTimeMetric":{}},"parameters":{"sourceContainer":{"type":"string","defaultValue":"raw"},"sourceParentFolder":{"type":"string","defaultValue":"Fact"}},"annotations":[]},"dependsOn":["[concat(variables('workspaceId'), '/datasets/DS_ADLS_Binary_Folder')]","[concat(variables('workspaceId'), '/pipelines/csv to db - child')]"]},{"name":"[concat(parameters('workspaceName'), '/DS_ADLS_Binary_Folder')]","type":"Microsoft.Synapse/workspaces/datasets","apiVersion":"2019-06-01-preview","properties":{"linkedServiceName":{"referenceName":"[parameters('LS_ADLS')]","type":"LinkedServiceReference"},"parameters":{"ContainerName":{"type":"string"},"FolderName":{"type":"string"}},"folder":{"name":"ADLS"},"annotations":[],"type":"Binary","typeProperties":{"location":{"type":"AzureBlobFSLocation","folderPath":{"value":"@dataset().FolderName","type":"Expression"},"fileSystem":{"value":"@dataset().ContainerName","type":"Expression"}}}},"dependsOn":[]},{"name":"[concat(parameters('workspaceName'), '/csv to db - child')]","type":"Microsoft.Synapse/workspaces/pipelines","apiVersion":"2019-06-01-preview","properties":{"activities":[{"name":"Get Files","description":"this gets all csv files in a folder to be copied to a db","type":"GetMetadata","dependsOn":[],"policy":{"timeout":"0.12:00:00","retry":0,"retryIntervalInSeconds":30,"secureOutput":false,"secureInput":false},"userProperties":[],"typeProperties":{"dataset":{"referenceName":"DS_ADLS_Binary_Folder","type":"DatasetReference","parameters":{"ContainerName":{"value":"@pipeline().parameters.container","type":"Expression"},"FolderName":{"value":"@pipeline().parameters.folderName","type":"Expression"}}},"fieldList":["childItems","exists","itemName","itemType"],"storeSettings":{"type":"AzureBlobFSReadSettings","enablePartitionDiscovery":false},"formatSettings":{"type":"BinaryReadSettings"}}},{"name":"ForEachFolder","description":"for each folder with csv files, copy each to a db table","type":"ForEach","dependsOn":[{"activity":"Get Files","dependencyConditions":["Succeeded"]}],"userProperties":[],"typeProperties":{"items":{"value":"@activity('Get Files').output.childItems","type":"Expression"},"activities":[{"name":"Copy csv file to db table","description":"copy each csv file, appending the source folder it was stored in as a new field in the table: source_folder. It gets the table name by removing the extension","type":"Copy","dependsOn":[],"policy":{"timeout":"0.12:00:00","retry":0,"retryIntervalInSeconds":30,"secureOutput":false,"secureInput":false},"userProperties":[{"name":"Source","value":"@{pipeline().parameters.container}/@{pipeline().parameters.folderName}/@{concat(replace(item().name, '.csv',''),'.csv')}"},{"name":"Destination","value":"@{'dbo'}.@{replace(item().name, '.csv','')}"}],"typeProperties":{"source":{"type":"DelimitedTextSource","additionalColumns":[{"name":"folder_name","value":{"value":"@pipeline().parameters.folderName","type":"Expression"}}],"storeSettings":{"type":"AzureBlobFSReadSettings","recursive":true,"enablePartitionDiscovery":false},"formatSettings":{"type":"DelimitedTextReadSettings"}},"sink":{"type":"AzureSqlSink","writeBehavior":"insert","sqlWriterUseTableLock":false,"tableOption":"autoCreate","disableMetricsCollection":false},"enableStaging":false,"translator":{"type":"TabularTranslator","typeConversion":true,"typeConversionSettings":{"allowDataTruncation":true,"treatBooleanAsNumber":false}}},"inputs":[{"referenceName":"DS_ADLS_CSV","type":"DatasetReference","parameters":{"ContainerName":{"value":"@pipeline().parameters.container","type":"Expression"},"FolderName":{"value":"@pipeline().parameters.folderName","type":"Expression"},"FileName":{"value":"@replace(item().name, '.csv','')","type":"Expression"}}}],"outputs":[{"referenceName":"DS_AZ_SQL","type":"DatasetReference","parameters":{"SchemaName":"dbo","TableName":{"value":"@replace(item().name, '.csv','')","type":"Expression"},"DatabaseName":"dobbinsdb"}}]}]}}],"policy":{"elapsedTimeMetric":{}},"parameters":{"folderName":{"type":"string","defaultValue":"contoso"},"container":{"type":"string","defaultValue":"raw"}},"annotations":[]},"dependsOn":["[concat(variables('workspaceId'), '/datasets/DS_ADLS_Binary_Folder')]","[concat(variables('workspaceId'), '/datasets/DS_ADLS_CSV')]","[concat(variables('workspaceId'), '/datasets/DS_AZ_SQL')]"]},{"name":"[concat(parameters('workspaceName'), '/DS_ADLS_CSV')]","type":"Microsoft.Synapse/workspaces/datasets","apiVersion":"2019-06-01-preview","properties":{"linkedServiceName":{"referenceName":"[parameters('LS_ADLS')]","type":"LinkedServiceReference"},"parameters":{"ContainerName":{"type":"string","defaultValue":"raw"},"FolderName":{"type":"string","defaultValue":"census/qwi"},"FileName":{"type":"string","defaultValue":"census_qwi_export"}},"folder":{"name":"ADLS"},"annotations":[],"type":"DelimitedText","typeProperties":{"location":{"type":"AzureBlobFSLocation","fileName":{"value":"@concat(dataset().FileName,'.csv')","type":"Expression"},"folderPath":{"value":"@dataset().FolderName","type":"Expression"},"fileSystem":{"value":"@dataset().ContainerName","type":"Expression"}},"columnDelimiter":",","escapeChar":"\"","firstRowAsHeader":true,"quoteChar":"\""},"schema":[]},"dependsOn":[]},{"name":"[concat(parameters('workspaceName'), '/DS_AZ_SQL')]","type":"Microsoft.Synapse/workspaces/datasets","apiVersion":"2019-06-01-preview","properties":{"linkedServiceName":{"referenceName":"[parameters('LS_AZSQL')]","type":"LinkedServiceReference","parameters":{"dbName":{"value":"@dataset().DatabaseName","type":"Expression"}}},"parameters":{"SchemaName":{"type":"string"},"TableName":{"type":"string"},"DatabaseName":{"type":"string","defaultValue":"dobbinsdb"}},"annotations":[],"type":"AzureSqlTable","schema":[],"typeProperties":{"schema":{"value":"@dataset().SchemaName","type":"Expression"},"table":{"value":"@dataset().TableName","type":"Expression"}}},"dependsOn":[]}]}