{"$schema":"http://schema.management.azure.com/schemas/2015-01-01/deploymentTemplate.json#","contentVersion":"1.0.0.0","parameters":{"workspaceName":{"type":"string","metadata":"Workspace name","defaultValue":"jdsynapse"},"LS_AZSQL":{"type":"string"},"LS_OPSQL":{"type":"string"},"jdsynapse-WorkspaceDefaultStorage":{"type":"string"}},"variables":{"workspaceId":"[concat('Microsoft.Synapse/workspaces/', parameters('workspaceName'))]"},"resources":[{"name":"[concat(parameters('workspaceName'), '/PL CT Data to ADLS')]","type":"Microsoft.Synapse/workspaces/pipelines","apiVersion":"2019-06-01-preview","properties":{"description":"moves change tracking data to ADLS as parquet files","activities":[{"name":"Find OP SQL CT Version","description":"get the current change tracking version of the source database","type":"Lookup","dependsOn":[{"activity":"Set UTCFolderName","dependencyConditions":["Succeeded"]},{"activity":"Set UTCFileName","dependencyConditions":["Succeeded"]}],"policy":{"timeout":"0.12:00:00","retry":0,"retryIntervalInSeconds":30,"secureOutput":false,"secureInput":false},"userProperties":[],"typeProperties":{"source":{"type":"SqlServerSource","sqlReaderQuery":"select change_tracking_current_version() as current_ctv","queryTimeout":"02:00:00","partitionOption":"None"},"dataset":{"referenceName":"DS_OP_SQL","type":"DatasetReference","parameters":{"SchemaName":" ","TableName":" ","DatabaseName":"ChangeTrackingTesting"}},"firstRowOnly":true}},{"name":"Get Tables to Replicate","type":"Lookup","dependsOn":[{"activity":"Find OP SQL CT Version","dependencyConditions":["Succeeded"]}],"policy":{"timeout":"0.12:00:00","retry":0,"retryIntervalInSeconds":30,"secureOutput":false,"secureInput":false},"userProperties":[],"typeProperties":{"source":{"type":"AzureSqlSource","sqlReaderQuery":"SELECT * FROM dbo.table_change_tracking_version\nwhere IsActive = 1","queryTimeout":"02:00:00","partitionOption":"None"},"dataset":{"referenceName":"DS_AZ_SQL","type":"DatasetReference","parameters":{"SchemaName":" ","TableName":" ","DatabaseName":"dobbinsdb"}},"firstRowOnly":false}},{"name":"For Each On-Prem Table","type":"ForEach","dependsOn":[{"activity":"Get Tables to Replicate","dependencyConditions":["Succeeded"]}],"userProperties":[],"typeProperties":{"items":{"value":"@activity('Get Tables to Replicate').output.value","type":"Expression"},"activities":[{"name":"Switch SourceExtractMethod","type":"Switch","dependsOn":[],"userProperties":[],"typeProperties":{"on":{"value":"@item().SourceExtractMethod","type":"Expression"},"cases":[{"value":"DELTA","activities":[{"name":"Copy Inserts and Updates to ADLS","type":"Copy","dependsOn":[],"policy":{"timeout":"0.12:00:00","retry":0,"retryIntervalInSeconds":30,"secureOutput":false,"secureInput":false},"userProperties":[],"typeProperties":{"source":{"type":"SqlServerSource","additionalColumns":[{"name":"DateIngestedUTC","value":{"value":"@utcNow()","type":"Expression"}}],"sqlReaderQuery":{"value":"select s.*, ct.SYS_CHANGE_OPERATION \nfrom @{item().SchemaName}.@{item().TableName} s right outer join \nchangetable(changes @{item().SchemaName}.@{item().TableName}, @{item().LastChangeTrackingVersion}) as ct\non s.@{item().PKColumn} = ct.@{item().PKColumn}\nwhere ct.SYS_CHANGE_VERSION >= @{item().LastChangeTrackingVersion} \n    and ct.SYS_CHANGE_OPERATION in ('I','U')\n    and ct.SYS_CHANGE_VERSION <= @{activity('Find OP SQL CT Version').output.firstRow.current_ctv}\norder by ct.SYS_CHANGE_VERSION","type":"Expression"},"queryTimeout":"02:00:00","partitionOption":"None"},"sink":{"type":"ParquetSink","storeSettings":{"type":"AzureBlobFSWriteSettings"},"formatSettings":{"type":"ParquetWriteSettings"}},"enableStaging":false,"translator":{"type":"TabularTranslator","typeConversion":true,"typeConversionSettings":{"allowDataTruncation":true,"treatBooleanAsNumber":false}}},"inputs":[{"referenceName":"DS_OP_SQL","type":"DatasetReference","parameters":{"SchemaName":" ","TableName":" ","DatabaseName":{"value":"@item().SourceDBName","type":"Expression"}}}],"outputs":[{"referenceName":"DS_ADLS_PARQUET","type":"DatasetReference","parameters":{"Container":{"value":"@item().IngestContainer","type":"Expression"},"FolderName":{"value":"@concat(item().IngestDirectory,'/upsert/',variables('varCurrentUTCFolderName'))","type":"Expression"},"FileName":{"value":"@concat(toLower(item().TableName),'_',variables('varCurrentDateTimeUTCFilename'))","type":"Expression"}}}]},{"name":"Copy Deletes to ADLS","type":"Copy","dependsOn":[{"activity":"Copy Inserts and Updates to ADLS","dependencyConditions":["Succeeded"]}],"policy":{"timeout":"0.12:00:00","retry":0,"retryIntervalInSeconds":30,"secureOutput":false,"secureInput":false},"userProperties":[],"typeProperties":{"source":{"type":"SqlServerSource","sqlReaderQuery":{"value":"select ct.@{item().PKColumn} as table_pk_value\nfrom @{item().SchemaName}.@{item().TableName} s right outer join \nchangetable(changes @{item().SchemaName}.@{item().TableName}, @{item().LastChangeTrackingVersion}) as ct\non s.@{item().PKColumn} = ct.@{item().PKColumn}\nwhere ct.SYS_CHANGE_VERSION >= @{item().LastChangeTrackingVersion} \n    and ct.SYS_CHANGE_OPERATION = 'D'\n    and ct.SYS_CHANGE_VERSION <= @{activity('Find OP SQL CT Version').output.firstRow.current_ctv}\norder by ct.SYS_CHANGE_VERSION","type":"Expression"},"queryTimeout":"02:00:00","partitionOption":"None"},"sink":{"type":"ParquetSink","storeSettings":{"type":"AzureBlobFSWriteSettings"},"formatSettings":{"type":"ParquetWriteSettings"}},"enableStaging":false,"translator":{"type":"TabularTranslator","typeConversion":true,"typeConversionSettings":{"allowDataTruncation":true,"treatBooleanAsNumber":false}}},"inputs":[{"referenceName":"DS_OP_SQL","type":"DatasetReference","parameters":{"SchemaName":" ","TableName":" ","DatabaseName":{"value":"@item().SourceDBName","type":"Expression"}}}],"outputs":[{"referenceName":"DS_ADLS_PARQUET","type":"DatasetReference","parameters":{"Container":{"value":"@item().IngestContainer","type":"Expression"},"FolderName":{"value":"@concat(item().IngestDirectory,'/delete/',variables('varCurrentUTCFolderName'))","type":"Expression"},"FileName":{"value":"@concat(toLower(item().TableName),'_',\nvariables('varCurrentDateTimeUTCFilename'))","type":"Expression"}}}]},{"name":"DELTA - Update Control Table","type":"Script","dependsOn":[{"activity":"Copy Deletes to ADLS","dependencyConditions":["Succeeded"]}],"policy":{"timeout":"0.12:00:00","retry":0,"retryIntervalInSeconds":30,"secureOutput":false,"secureInput":false},"userProperties":[],"linkedServiceName":{"referenceName":"[parameters('LS_AZSQL')]","type":"LinkedServiceReference"},"typeProperties":{"scripts":[{"parameters":[{"name":"datetimelastrun","type":"Datetime","value":{"value":"@utcNow()","type":"Expression"},"direction":"Input"},{"name":"id","type":"Int64","value":{"value":"@item().Id","type":"Expression"},"direction":"Input"},{"name":"current_ctv","type":"Int64","value":{"value":"@activity('Find OP SQL CT Version').output.firstRow.current_ctv","type":"Expression"},"direction":"Input"}],"type":"NonQuery","text":"update dbo.table_change_tracking_version\n  set LastDateTimeUTC_Update = @datetimelastrun,\nLastChangeTrackingVersion = @current_ctv\n  where Id = @id"}],"scriptBlockExecutionTimeout":"02:00:00"}}]},{"value":"FULL","activities":[{"name":"Copy full data to ADLS","type":"Copy","dependsOn":[],"policy":{"timeout":"0.12:00:00","retry":0,"retryIntervalInSeconds":30,"secureOutput":false,"secureInput":false},"userProperties":[],"typeProperties":{"source":{"type":"SqlServerSource","additionalColumns":[{"name":"DateIngestedUTC","value":{"value":"@utcNow()","type":"Expression"}}],"queryTimeout":"02:00:00","partitionOption":"None"},"sink":{"type":"ParquetSink","storeSettings":{"type":"AzureBlobFSWriteSettings"},"formatSettings":{"type":"ParquetWriteSettings"}},"enableStaging":false,"translator":{"type":"TabularTranslator","typeConversion":true,"typeConversionSettings":{"allowDataTruncation":true,"treatBooleanAsNumber":false}}},"inputs":[{"referenceName":"DS_OP_SQL","type":"DatasetReference","parameters":{"SchemaName":{"value":"@item().SchemaName","type":"Expression"},"TableName":{"value":"@item().TableName","type":"Expression"},"DatabaseName":{"value":"@item().SourceDBName","type":"Expression"}}}],"outputs":[{"referenceName":"DS_ADLS_PARQUET","type":"DatasetReference","parameters":{"Container":{"value":"@item().IngestContainer","type":"Expression"},"FolderName":{"value":"@item().IngestDirectory","type":"Expression"},"FileName":{"value":"@toLower(item().TableName)","type":"Expression"}}}]},{"name":"FULL - Update Control Table","type":"Script","dependsOn":[{"activity":"Copy full data to ADLS","dependencyConditions":["Succeeded"]}],"policy":{"timeout":"0.12:00:00","retry":0,"retryIntervalInSeconds":30,"secureOutput":false,"secureInput":false},"userProperties":[],"linkedServiceName":{"referenceName":"[parameters('LS_AZSQL')]","type":"LinkedServiceReference"},"typeProperties":{"scripts":[{"parameters":[{"name":"datetimelastrun","type":"Datetime","value":{"value":"@utcNow()","type":"Expression"},"direction":"Input"},{"name":"id","type":"Int64","value":{"value":"@item().Id","type":"Expression"},"direction":"Input"}],"type":"NonQuery","text":"update dbo.table_change_tracking_version\n  set LastDateTimeUTC_Update = @datetimelastrun\n  where Id = @id"}],"scriptBlockExecutionTimeout":"02:00:00"}}]}]}}]}},{"name":"Set UTCFolderName","description":"set variable to store the partitioned landing directory as entity/yyyy/mm/dd","type":"SetVariable","dependsOn":[],"policy":{"secureOutput":false,"secureInput":false},"userProperties":[],"typeProperties":{"variableName":"varCurrentUTCFolderName","value":{"value":"@concat(formatDateTime(utcNow(),'yyyy'),'/',\nformatDateTime(utcNow(),'MM'),'/',\nformatDateTime(utcNow(),'dd'))","type":"Expression"}}},{"name":"Set UTCFileName","description":"set the UTC string for writing the files out with the current date/time string","type":"SetVariable","dependsOn":[],"policy":{"secureOutput":false,"secureInput":false},"userProperties":[],"typeProperties":{"variableName":"varCurrentDateTimeUTCFilename","value":{"value":"@concat(formatDateTime(utcNow(),'yyyy'),'_',\nformatDateTime(utcNow(),'MM'),'_',\nformatDateTime(utcNow(),'dd'),'_',\nformatDateTime(utcNow(),'HH'),'_',\nformatDateTime(utcNow(),'mm'),'_',\nformatDateTime(utcNow(),'ss'),'_UTC')","type":"Expression"}}}],"policy":{"elapsedTimeMetric":{}},"variables":{"varCurrentUTCFolderName":{"type":"String","defaultValue":"1900-01-01 00:00:00"},"varCurrentDateTimeUTCFilename":{"type":"String"}},"folder":{"name":"VT JUD"},"annotations":[]},"dependsOn":["[concat(variables('workspaceId'), '/datasets/DS_OP_SQL')]","[concat(variables('workspaceId'), '/datasets/DS_AZ_SQL')]","[concat(variables('workspaceId'), '/datasets/DS_ADLS_PARQUET')]"]},{"name":"[concat(parameters('workspaceName'), '/DS_OP_SQL')]","type":"Microsoft.Synapse/workspaces/datasets","apiVersion":"2019-06-01-preview","properties":{"linkedServiceName":{"referenceName":"[parameters('LS_OPSQL')]","type":"LinkedServiceReference","parameters":{"dbName":{"value":"@dataset().DatabaseName","type":"Expression"}}},"parameters":{"SchemaName":{"type":"string","defaultValue":"Fact"},"TableName":{"type":"string","defaultValue":"Order"},"DatabaseName":{"type":"string","defaultValue":"WideWorldImportersDW"}},"annotations":[],"type":"SqlServerTable","schema":[],"typeProperties":{"schema":{"value":"@dataset().SchemaName","type":"Expression"},"table":{"value":"@dataset().TableName","type":"Expression"}}},"dependsOn":[]},{"name":"[concat(parameters('workspaceName'), '/DS_AZ_SQL')]","type":"Microsoft.Synapse/workspaces/datasets","apiVersion":"2019-06-01-preview","properties":{"linkedServiceName":{"referenceName":"[parameters('LS_AZSQL')]","type":"LinkedServiceReference","parameters":{}},"parameters":{"SchemaName":{"type":"string"},"TableName":{"type":"string"},"DatabaseName":{"type":"string","defaultValue":"dobbinsdb"}},"annotations":[],"type":"AzureSqlTable","schema":[],"typeProperties":{"schema":{"value":"@dataset().SchemaName","type":"Expression"},"table":{"value":"@dataset().TableName","type":"Expression"}}},"dependsOn":[]},{"name":"[concat(parameters('workspaceName'), '/DS_ADLS_PARQUET')]","type":"Microsoft.Synapse/workspaces/datasets","apiVersion":"2019-06-01-preview","properties":{"linkedServiceName":{"referenceName":"[parameters('jdsynapse-WorkspaceDefaultStorage')]","type":"LinkedServiceReference"},"parameters":{"Container":{"type":"string"},"FolderName":{"type":"string"},"FileName":{"type":"string"}},"folder":{"name":"ADLS"},"annotations":[],"type":"Parquet","typeProperties":{"location":{"type":"AzureBlobFSLocation","fileName":{"value":"@concat(dataset().FileName, '.parquet')","type":"Expression"},"folderPath":{"value":"@dataset().FolderName","type":"Expression"},"fileSystem":{"value":"@dataset().Container","type":"Expression"}},"compressionCodec":"snappy"},"schema":[]},"dependsOn":[]}]}