{"$schema":"http://schema.management.azure.com/schemas/2015-01-01/deploymentTemplate.json#","contentVersion":"1.0.0.0","parameters":{"workspaceName":{"type":"string","metadata":"Workspace name","defaultValue":"jdsynapse"},"LS_AZSQL":{"type":"string"},"LS_OPSQL":{"type":"string"},"jdsynapse-WorkspaceDefaultStorage":{"type":"string"}},"variables":{"workspaceId":"[concat('Microsoft.Synapse/workspaces/', parameters('workspaceName'))]"},"resources":[{"name":"[concat(parameters('workspaceName'), '/PL_OPSQL_ADLS_raw')]","type":"Microsoft.Synapse/workspaces/pipelines","apiVersion":"2019-06-01-preview","properties":{"activities":[{"name":"Get source table to ADLS Table List","description":"Gets list of source tables to move to ADLS. ","type":"Lookup","dependsOn":[{"activity":"SET_CURRENT_UTC_DATE_TIME","dependencyConditions":["Succeeded"]},{"activity":"SET_CURRENT_UTC_DATE_TIME_FOR_FILENAME","dependencyConditions":["Succeeded"]},{"activity":"Set PipelineTriggerName","dependencyConditions":["Succeeded"]},{"activity":"Set UTCFolderName","dependencyConditions":["Succeeded"]}],"policy":{"timeout":"0.00:20:00","retry":1,"retryIntervalInSeconds":30,"secureOutput":false,"secureInput":false},"userProperties":[],"typeProperties":{"source":{"type":"AzureSqlSource","sqlReaderQuery":{"value":"SELECT *, convert(varchar,isnull(DeltaLastWatermarkDateTimeUTC,'1900-01-01'),120) as FormattedLastWatermarkDateTimeUTC\nFROM etl.ControlTable_Ingest\nWHERE IsActiveFlag = 1\nAND DataSourceName = 'DS_OnPremSQL'\nAND PipelineTriggerName = '@{variables('PipelineTriggerName')}'","type":"Expression"},"queryTimeout":"00:20:00","partitionOption":"None"},"dataset":{"referenceName":"DS_AZSQL","type":"DatasetReference","parameters":{"SchemaName":" ","TableName":" "}},"firstRowOnly":false}},{"name":"Iterate Table List","type":"ForEach","dependsOn":[{"activity":"Get source table to ADLS Table List","dependencyConditions":["Succeeded"]}],"userProperties":[],"typeProperties":{"items":{"value":"@activity('Get source table to ADLS Table List').output.value","type":"Expression"},"activities":[{"name":"Extraction Method","type":"Switch","dependsOn":[],"userProperties":[],"typeProperties":{"on":{"value":"@item().SourceExtractMethod","type":"Expression"},"cases":[{"value":"SQL","activities":[{"name":"Copy Source to ADLS SQL","type":"Copy","dependsOn":[],"policy":{"timeout":"0.12:00:00","retry":1,"retryIntervalInSeconds":30,"secureOutput":false,"secureInput":false},"userProperties":[{"name":"Source","value":"@{item().SourceSchemaName}.@{item().SourceTableName}"},{"name":"Destination","value":"@{item().TargetDataLakeContainer}/@{concat(item().TargetDataLakeFolder, '/', variables('varCurrentUTCFolderName'))}/@{concat(concat(item().TargetDataLakeFile,'_',variables('varCurrentDateTimeUTCFilename')), '.parquet')}"}],"typeProperties":{"source":{"type":"SqlServerSource","additionalColumns":[{"name":"_SourceExtractMethod","value":{"value":"@item().SourceExtractMethod","type":"Expression"}},{"name":"_SourceExtractDateTimeUTC","value":{"value":"@variables('varCurrentDateTimeUTC')","type":"Expression"}}],"sqlReaderQuery":{"value":"@item().SourceExtractSQL","type":"Expression"},"queryTimeout":"02:00:00","partitionOption":"None"},"sink":{"type":"ParquetSink","storeSettings":{"type":"AzureBlobFSWriteSettings"},"formatSettings":{"type":"ParquetWriteSettings"}},"enableStaging":false,"translator":{"type":"TabularTranslator","typeConversion":true,"typeConversionSettings":{"allowDataTruncation":true,"treatBooleanAsNumber":false}}},"inputs":[{"referenceName":"DS_OnPremSQL","type":"DatasetReference","parameters":{"SchemaName":" ","TableName":" ","DatabaseName":{"value":"@item().SourceDatabaseName","type":"Expression"}}}],"outputs":[{"referenceName":"DS_ADLS_ParquetFile","type":"DatasetReference","parameters":{"Container":{"value":"@item().TargetDataLakeContainer","type":"Expression"},"FolderName":{"value":"@concat(item().TargetDataLakeFolder, '/', variables('varCurrentUTCFolderName'))","type":"Expression"},"FileName":{"value":"@concat(item().TargetDataLakeFile,'_',variables('varCurrentDateTimeUTCFilename'))","type":"Expression"}}}]}]},{"value":"FULL","activities":[{"name":"Copy Source to ADLS FULL","type":"Copy","dependsOn":[],"policy":{"timeout":"0.12:00:00","retry":1,"retryIntervalInSeconds":30,"secureOutput":false,"secureInput":false},"userProperties":[{"name":"Source","value":"@{item().SourceSchemaName}.@{item().SourceTableName}"},{"name":"Destination","value":"@{item().TargetDataLakeContainer}/@{item().TargetDataLakeFolder}/@{concat(item().TargetDataLakeFile, '.parquet')}"}],"typeProperties":{"source":{"type":"SqlServerSource","additionalColumns":[{"name":"_SourceExtractMethod","value":{"value":"@item().SourceExtractMethod","type":"Expression"}},{"name":"_SourceExtractDateTimeUTC","value":{"value":"@variables('varCurrentDateTimeUTC')","type":"Expression"}}],"queryTimeout":"02:00:00","partitionOption":"None"},"sink":{"type":"ParquetSink","storeSettings":{"type":"AzureBlobFSWriteSettings"},"formatSettings":{"type":"ParquetWriteSettings"}},"enableStaging":false,"translator":{"type":"TabularTranslator","typeConversion":true,"typeConversionSettings":{"allowDataTruncation":true,"treatBooleanAsNumber":false}}},"inputs":[{"referenceName":"DS_OnPremSQL","type":"DatasetReference","parameters":{"SchemaName":{"value":"@item().SourceSchemaName","type":"Expression"},"TableName":{"value":"@item().SourceTableName","type":"Expression"},"DatabaseName":{"value":"@item().SourceDatabaseName","type":"Expression"}}}],"outputs":[{"referenceName":"DS_ADLS_ParquetFile","type":"DatasetReference","parameters":{"Container":{"value":"@item().TargetDataLakeContainer","type":"Expression"},"FolderName":{"value":"@item().TargetDataLakeFolder","type":"Expression"},"FileName":{"value":"@item().TargetDataLakeFile","type":"Expression"}}}]}]},{"value":"DELTA","activities":[{"name":"Copy Source to ADLS DELTA","type":"Copy","dependsOn":[],"policy":{"timeout":"0.12:00:00","retry":1,"retryIntervalInSeconds":30,"secureOutput":false,"secureInput":false},"userProperties":[{"name":"Source","value":"@{item().SourceSchemaName}.@{item().SourceTableName}"},{"name":"Destination","value":"@{item().TargetDataLakeContainer}/@{concat(item().TargetDataLakeFolder, variables('varCurrentUTCFolderName'))}/@{concat(concat(item().TargetDataLakeFile,'_',variables('varCurrentDateTimeUTCFilename')), '.parquet')}"}],"typeProperties":{"source":{"type":"SqlServerSource","additionalColumns":[{"name":"_SourceExtractMethod","value":{"value":"@item().SourceExtractMethod","type":"Expression"}},{"name":"_SourceExtractDateTimeUTC","value":{"value":"@variables('varCurrentDateTimeUTC')","type":"Expression"}},{"name":"_SourceExtractWatermarkBeginDateTimeUTC","value":{"value":"@item().FormattedLastWatermarkDateTimeUTC","type":"Expression"}},{"name":"_SourceExtractWatermarkEndDateTimeUTC","value":{"value":"@variables('varCurrentDateTimeUTC')","type":"Expression"}}],"sqlReaderQuery":{"value":"SELECT * FROM @{item().SourceSchemaName}.@{item().SourceTableName} \nWHERE @{item().DeltaUpdateWatermarkColumnName} IS NOT NULL \nAND @{item().DeltaUpdateWatermarkColumnName} > \n{ts'@{formatDateTime(item().DeltaLastWatermarkDateTimeUTC,'yyyy-MM-dd HH:mm:ss')}'}\nAND @{item().DeltaUpdateWatermarkColumnName} <= \n{ts'@{formatDateTime(variables('varCurrentDateTimeUTC'),'yyyy-MM-dd HH:mm:ss')}'}","type":"Expression"},"queryTimeout":"02:00:00","partitionOption":"None"},"sink":{"type":"ParquetSink","storeSettings":{"type":"AzureBlobFSWriteSettings"},"formatSettings":{"type":"ParquetWriteSettings"}},"enableStaging":false,"translator":{"type":"TabularTranslator","typeConversion":true,"typeConversionSettings":{"allowDataTruncation":true,"treatBooleanAsNumber":false}}},"inputs":[{"referenceName":"DS_OnPremSQL","type":"DatasetReference","parameters":{"SchemaName":" ","TableName":" ","DatabaseName":{"value":"@item().SourceDatabaseName","type":"Expression"}}}],"outputs":[{"referenceName":"DS_ADLS_ParquetFile","type":"DatasetReference","parameters":{"Container":{"value":"@item().TargetDataLakeContainer","type":"Expression"},"FolderName":{"value":"@concat(item().TargetDataLakeFolder, '/', variables('varCurrentUTCFolderName'))","type":"Expression"},"FileName":{"value":"@concat(item().TargetDataLakeFile,'_',variables('varCurrentDateTimeUTCFilename'))","type":"Expression"}}}]}]}]}},{"name":"Update etl control table","type":"Script","dependsOn":[{"activity":"Extraction Method","dependencyConditions":["Succeeded"]}],"policy":{"timeout":"0.12:00:00","retry":0,"retryIntervalInSeconds":30,"secureOutput":false,"secureInput":false},"userProperties":[],"linkedServiceName":{"referenceName":"[parameters('LS_AZSQL')]","type":"LinkedServiceReference"},"typeProperties":{"scripts":[{"parameters":[{"name":"Id","type":"Int64","value":{"value":"@item().ControlTable_IngestId","type":"Expression"},"direction":"Input"},{"name":"PipelineRunDateTimeUTC","type":"Datetime","value":{"value":"@pipeline().TriggerTime","type":"Expression"},"direction":"Input"},{"name":"WatermarkDateTimeUTC","type":"Datetime","value":{"value":"@variables('varCurrentDateTimeUTC')","type":"Expression"},"direction":"Input"},{"name":"LastRunStatus","type":"String","value":"Success","direction":"Input"}],"type":"NonQuery","text":"update etl.ControlTable_Ingest\nset PipelineLastRunDateTimeUTC = @PipelineRunDateTimeUTC\n , DeltaLastWatermarkDateTimeUTC = ISNULL(@WatermarkDateTimeUTC,convert(date,'1900-01-01 00:00:00'))\n , LastRunStatus = @LastRunStatus\n where ControlTable_IngestId = @Id"}],"scriptBlockExecutionTimeout":"02:00:00"}}]}},{"name":"SET_CURRENT_UTC_DATE_TIME","type":"SetVariable","dependsOn":[],"policy":{"secureOutput":false,"secureInput":false},"userProperties":[],"typeProperties":{"variableName":"varCurrentDateTimeUTC","value":{"value":"@concat(formatDateTime(utcNow(),'yyyy'),'-',\r\nformatDateTime(utcNow(),'MM'),'-',\r\nformatDateTime(utcNow(),'dd'),' ',\r\nformatDateTime(utcNow(),'HH'),':',\r\nformatDateTime(utcNow(),'mm'),':',\r\nformatDateTime(utcNow(),'ss'))","type":"Expression"}}},{"name":"SET_CURRENT_UTC_DATE_TIME_FOR_FILENAME","type":"SetVariable","dependsOn":[],"policy":{"secureOutput":false,"secureInput":false},"userProperties":[],"typeProperties":{"variableName":"varCurrentDateTimeUTCFilename","value":{"value":"@concat(formatDateTime(utcNow(),'yyyy'),'_',\r\nformatDateTime(utcNow(),'MM'),'_',\r\nformatDateTime(utcNow(),'dd'),'_',\r\nformatDateTime(utcNow(),'HH'),'_',\r\nformatDateTime(utcNow(),'mm'),'_',\r\nformatDateTime(utcNow(),'ss'),'_UTC')","type":"Expression"}}},{"name":"Set PipelineTriggerName","description":"this tests to see if an override value has been entered in the OverridePipelineTriggerName parameter (so this can be run manually or in debug mode). Sandbox (debug) and Manual (trigger) are the trigger names we are looking for to know if this is an override run. ","type":"SetVariable","dependsOn":[],"policy":{"secureOutput":false,"secureInput":false},"userProperties":[],"typeProperties":{"variableName":"PipelineTriggerName","value":{"value":"@if(or(equals(pipeline().TriggerName,'Sandbox'), equals(pipeline().TriggerName,'Manual')),\npipeline().parameters.OverridePipelineTriggerName,\npipeline().TriggerName)","type":"Expression"}}},{"name":"Set UTCFolderName","type":"SetVariable","dependsOn":[],"policy":{"secureOutput":false,"secureInput":false},"userProperties":[],"typeProperties":{"variableName":"varCurrentUTCFolderName","value":{"value":"@concat(formatDateTime(utcNow(),'yyyy'),'/',\nformatDateTime(utcNow(),'MM'),'/',\nformatDateTime(utcNow(),'dd'))","type":"Expression"}}}],"policy":{"elapsedTimeMetric":{},"cancelAfter":{}},"parameters":{"OverridePipelineTriggerName":{"type":"string","defaultValue":"Sandbox"}},"variables":{"varCurrentDateTimeUTCFilename":{"type":"String","defaultValue":"1900-01-01 00:00:00"},"varCurrentDateTimeUTC":{"type":"String","defaultValue":"1900-01-01 00:00:00"},"varExtractMethod":{"type":"String","defaultValue":"FULL"},"PipelineTriggerName":{"type":"String","defaultValue":"Sandbox"},"varCurrentUTCFolderName":{"type":"String","defaultValue":"1900-01-01 00:00:00"}},"folder":{"name":"Ingest"},"annotations":[],"lastPublishTime":"2023-05-16T14:37:12Z"},"dependsOn":["[concat(variables('workspaceId'), '/datasets/DS_AZSQL')]","[concat(variables('workspaceId'), '/datasets/DS_OnPremSQL')]","[concat(variables('workspaceId'), '/datasets/DS_ADLS_ParquetFile')]"]},{"name":"[concat(parameters('workspaceName'), '/DS_AZSQL')]","type":"Microsoft.Synapse/workspaces/datasets","apiVersion":"2019-06-01-preview","properties":{"linkedServiceName":{"referenceName":"[parameters('LS_AZSQL')]","type":"LinkedServiceReference"},"parameters":{"SchemaName":{"type":"string"},"TableName":{"type":"string"}},"annotations":[],"type":"AzureSqlTable","schema":[],"typeProperties":{"schema":{"value":"@dataset().SchemaName","type":"Expression"},"table":{"value":"@dataset().TableName","type":"Expression"}}},"dependsOn":[]},{"name":"[concat(parameters('workspaceName'), '/DS_OnPremSQL')]","type":"Microsoft.Synapse/workspaces/datasets","apiVersion":"2019-06-01-preview","properties":{"linkedServiceName":{"referenceName":"[parameters('LS_OPSQL')]","type":"LinkedServiceReference","parameters":{"dbName":{"value":"@dataset().DatabaseName","type":"Expression"}}},"parameters":{"SchemaName":{"type":"string","defaultValue":"Fact"},"TableName":{"type":"string","defaultValue":"Order"},"DatabaseName":{"type":"string","defaultValue":"WideWorldImportersDW"}},"annotations":[],"type":"SqlServerTable","schema":[],"typeProperties":{"schema":{"value":"@dataset().SchemaName","type":"Expression"},"table":{"value":"@dataset().TableName","type":"Expression"}}},"dependsOn":[]},{"name":"[concat(parameters('workspaceName'), '/DS_ADLS_ParquetFile')]","type":"Microsoft.Synapse/workspaces/datasets","apiVersion":"2019-06-01-preview","properties":{"linkedServiceName":{"referenceName":"[parameters('jdsynapse-WorkspaceDefaultStorage')]","type":"LinkedServiceReference"},"parameters":{"Container":{"type":"string"},"FolderName":{"type":"string"},"FileName":{"type":"string"}},"annotations":[],"type":"Parquet","typeProperties":{"location":{"type":"AzureBlobFSLocation","fileName":{"value":"@concat(dataset().FileName, '.parquet')","type":"Expression"},"folderPath":{"value":"@dataset().FolderName","type":"Expression"},"fileSystem":{"value":"@dataset().Container","type":"Expression"}},"compressionCodec":"snappy"},"schema":[]},"dependsOn":[]}]}