{"$schema":"http://schema.management.azure.com/schemas/2015-01-01/deploymentTemplate.json#","contentVersion":"1.0.0.0","parameters":{"workspaceName":{"type":"string","metadata":"Workspace name","defaultValue":"jdsynapse"},"LS_ADLS":{"type":"string"}},"variables":{"workspaceId":"[concat('Microsoft.Synapse/workspaces/', parameters('workspaceName'))]"},"resources":[{"name":"[concat(parameters('workspaceName'), '/PL LogicApp Alerting')]","type":"Microsoft.Synapse/workspaces/pipelines","apiVersion":"2019-06-01-preview","properties":{"activities":[{"name":"Send Success Notification","type":"WebActivity","dependsOn":[{"activity":"Copy Data","dependencyConditions":["Succeeded"]}],"policy":{"timeout":"0.12:00:00","retry":0,"retryIntervalInSeconds":30,"secureOutput":false,"secureInput":false},"userProperties":[],"typeProperties":{"url":"https://prod-91.eastus.logic.azure.com:443/workflows/af566518e56c4cd38df49df8be600883/triggers/manual/paths/invoke?api-version=2016-10-01&sp=%2Ftriggers%2Fmanual%2Frun&sv=1.0&sig=UbI-jyfGsXaqUeffXDEYQ90F50RcQ-vhn0LAdEfbPA4","connectVia":{"referenceName":"AutoResolveIntegrationRuntime","type":"IntegrationRuntimeReference"},"method":"POST","headers":{"Content-Type":"application/json"},"body":{"DataFactoryName":"@{pipeline().DataFactory}","PipelineName":"@{pipeline().Pipeline}","PipelineStatus":"Successful","EmailTo":"@{pipeline().parameters.EmailTo}","ErrorMessage":"Successful"}}},{"name":"Send Failure Notification","type":"WebActivity","dependsOn":[{"activity":"Copy Data","dependencyConditions":["Failed"]}],"policy":{"timeout":"0.12:00:00","retry":0,"retryIntervalInSeconds":30,"secureOutput":false,"secureInput":false},"userProperties":[],"typeProperties":{"url":"https://prod-91.eastus.logic.azure.com:443/workflows/af566518e56c4cd38df49df8be600883/triggers/manual/paths/invoke?api-version=2016-10-01&sp=%2Ftriggers%2Fmanual%2Frun&sv=1.0&sig=UbI-jyfGsXaqUeffXDEYQ90F50RcQ-vhn0LAdEfbPA4","connectVia":{"referenceName":"AutoResolveIntegrationRuntime","type":"IntegrationRuntimeReference"},"method":"POST","headers":{"Content-Type":"application/json"},"body":{"DataFactoryName":"@{pipeline().DataFactory}","PipelineName":"@{pipeline().Pipeline}","ErrorMessage":"@{activity('Copy Data').error.message}","PipelineStatus":"Failure","EmailTo":"@{pipeline().parameters.EmailTo}"}}},{"name":"Copy Data","type":"Copy","dependsOn":[],"policy":{"timeout":"0.12:00:00","retry":0,"retryIntervalInSeconds":30,"secureOutput":false,"secureInput":false},"userProperties":[],"typeProperties":{"source":{"type":"DelimitedTextSource","storeSettings":{"type":"AzureBlobFSReadSettings","recursive":true,"enablePartitionDiscovery":false},"formatSettings":{"type":"DelimitedTextReadSettings"}},"sink":{"type":"DelimitedTextSink","storeSettings":{"type":"AzureBlobFSWriteSettings"},"formatSettings":{"type":"DelimitedTextWriteSettings","quoteAllText":true,"fileExtension":".txt"}},"enableStaging":false,"translator":{"type":"TabularTranslator","typeConversion":true,"typeConversionSettings":{"allowDataTruncation":true,"treatBooleanAsNumber":false}}},"inputs":[{"referenceName":"adls_csv_generic","type":"DatasetReference","parameters":{"FileSystem":"raw","Directory":"tmp","File":"Products.csv"}}],"outputs":[{"referenceName":"adls_csv_generic","type":"DatasetReference","parameters":{"FileSystem":"raw","Directory":"tmp","File":"Products1.csv"}}]}],"policy":{"elapsedTimeMetric":{}},"parameters":{"EmailTo":{"type":"string","defaultValue":"jimmydobbins@microsoft.com"}},"folder":{"name":"Logging and Alerting"},"annotations":[]},"dependsOn":["[concat(variables('workspaceId'), '/datasets/adls_csv_generic')]"]},{"name":"[concat(parameters('workspaceName'), '/adls_csv_generic')]","type":"Microsoft.Synapse/workspaces/datasets","apiVersion":"2019-06-01-preview","properties":{"linkedServiceName":{"referenceName":"[parameters('LS_ADLS')]","type":"LinkedServiceReference"},"parameters":{"FileSystem":{"type":"string"},"Directory":{"type":"string"},"File":{"type":"string"}},"folder":{"name":"IngestDatasets/MetadataPipelineSets"},"annotations":[],"type":"DelimitedText","typeProperties":{"location":{"type":"AzureBlobFSLocation","fileName":{"value":"@dataset().File","type":"Expression"},"folderPath":{"value":"@dataset().Directory","type":"Expression"},"fileSystem":{"value":"@dataset().FileSystem","type":"Expression"}},"columnDelimiter":",","escapeChar":"\\","firstRowAsHeader":true,"quoteChar":"\""},"schema":[]},"dependsOn":[]}]}